{
  "hash": "6bb8db5d",
  "configHash": "5eced3d4",
  "lockfileHash": "e3b0c442",
  "browserHash": "a4d4a12f",
  "optimized": {
    "vue": {
      "src": "../../node_modules/.store/vue@3.5.13/node_modules/vue/dist/vue.runtime.esm-bundler.js",
      "file": "vue.js",
      "fileHash": "481154f2",
      "needsInterop": false
    },
    "pinia": {
      "src": "../../node_modules/.store/pinia@2.3.1/node_modules/pinia/dist/pinia.mjs",
      "file": "pinia.js",
      "fileHash": "0a2fd46a",
      "needsInterop": false
    },
    "vue-router": {
      "src": "../../node_modules/.store/vue-router@4.5.0/node_modules/vue-router/dist/vue-router.mjs",
      "file": "vue-router.js",
      "fileHash": "36229440",
      "needsInterop": false
    }
  },
  "chunks": {
    "chunk-F2CTEIII": {
      "file": "chunk-F2CTEIII.js"
    },
    "chunk-LPLBUGIW": {
      "file": "chunk-LPLBUGIW.js"
    }
  }
}